country,continent
Afghanistan,Asia
Akrotiri and Dhekelia,Europe
Åland,Europe
Albania,Europe
Algeria,Africa
American Samoa,Oceania
Andorra,Europe
Angola,Africa
Anguilla,North America
Antigua and Barbuda,North America
Argentina,South America
Armenia,Asia
Aruba,North America
Australia,Oceania
Austria,Europe
Azerbaijan,Asia
Bahamas,North America
Bahrain,Asia
Bangladesh,Asia
Barbados,North America
Belarus,Europe
Belgium,Europe
Belize,North America
Benin,Africa
Bermuda,North America
Bhutan,Asia
Bolivia ,South America
"Bonaire, Sint Eustatius and Saba",North America
Bosnia and Herzegovina,Europe
Botswana,Africa
Brazil,South America
British Virgin Islands,North America
Brunei ,Asia
Bulgaria,Europe
Burkina Faso,Africa
Burundi,Africa
Caspian Sea,Europe
Cape Verde,Africa
Cambodia,Asia
Cameroon,Africa
Canada,North America
Cayman Islands,North America
Central African Republic,Africa
Chad,Africa
Chile,South America
China,Asia
Christmas Island,Oceania
Cocos Islands,Oceania
Colombia,South America
Comoros,Africa
Republic of Congo,Africa
Cook Islands,Oceania
Costa Rica,North America
Côte d'Ivoire,Africa
Croatia,Europe
Cuba,North America
Curaçao,North America
Cyprus,Asia
Northern Cyprus,Asia
Czech Republic,Europe
North Korea,Asia
Democratic Republic of the Congo,Africa
Denmark,Europe
Djibouti,Africa
Dominica,North America
Dominican Republic,North America
Ecuador,South America
Egypt,Africa
El Salvador,North America
Equatorial Guinea,Africa
Eritrea,Africa
Estonia,Europe
Swaziland,Africa
Ethiopia,Africa
Falkland Islands,South America
Faroe Islands,Europe
Fiji,Oceania
Finland,Europe
France,Europe
French Guiana,South America
French Polynesia,Oceania
French Southern Territories,Africa
Gabon,Africa
Gambia,Africa
Georgia,Asia
Germany,Europe
Ghana,Africa
Gibraltar,Europe
Greece,Europe
Greenland,North America
Grenada,North America
Guadeloupe,North America
Guam,Oceania
Guatemala,North America
Guernsey,Europe
Guinea,Africa
Guinea-Bissau,Africa
Guyana,South America
Haiti,North America
Honduras,North America
Hungary,Europe
Iceland,Europe
India,Asia
Indonesia,Asia
Iran ,Asia
Iraq,Asia
Ireland,Europe
Isle of Man,Europe
Israel,Asia
Italy,Europe
Jamaica,North America
Japan,Asia
Jersey,Europe
Jordan,Asia
Kazakhstan,Asia
Kenya,Africa
Kosovo,Europe
Kiribati,Oceania
Kuwait,Asia
Kyrgyzstan,Asia
Laos,Asia
Latvia,Europe
Lebanon,Asia
Lesotho,Africa
Liberia,Africa
Libya,Africa
Liechtenstein,Europe
Lithuania,Europe
Luxembourg,Europe
Madagascar,Africa
Malawi,Africa
Malaysia,Asia
Maldives,Asia
Mali,Africa
Malta,Europe
Marshall Islands,Oceania
Martinique,North America
Mauritania,Africa
Mauritius,Africa
Mayotte,Africa
Mexico,North America
Micronesia ,Oceania
Monaco,Europe
Mongolia,Asia
Montenegro,Europe
Montserrat,North America
Morocco,Africa
Mozambique,Africa
Myanmar,Asia
Namibia,Africa
Nauru,Oceania
Nepal,Asia
Netherlands,Europe
New Caledonia,Oceania
New Zealand,Oceania
Nicaragua,North America
Niger,Africa
Nigeria,Africa
Niue,Oceania
Norfolk Island,Oceania
Macedonia,Europe
Northern Mariana Islands,Oceania
Norway,Europe
Oman,Asia
Pakistan,Asia
Palau,Oceania
Panama,North America
Papua New Guinea,Oceania
Paraguay,South America
Peru,South America
Philippines,Asia
Poland,Europe
Portugal,Europe
Puerto Rico,North America
Qatar,Asia
South Korea,Asia
Moldova,Europe
Reunion,Africa
Romania,Europe
Russia,Europe
Rwanda,Africa
Saint-Barthélemy,North America
Saint Helena,Africa
Saint Kitts and Nevis,North America
Saint Lucia,North America
Saint-Martin,North America
Saint Pierre and Miquelon,North America
Saint Vincent and the Grenadines,North America
Samoa,Oceania
San Marino,Europe
São Tomé and Príncipe,Africa
Saudi Arabia,Asia
Senegal,Africa
Serbia,Europe
Seychelles,Africa
Sierra Leone,Africa
Singapore,Asia
Sint Maarten,North America
Slovakia,Europe
Slovenia,Europe
Solomon Islands,Oceania
Somalia,Africa
South Africa,Africa
South Sudan,Africa
Spain,Europe
Sri Lanka,Asia
Palestina,Asia
Sudan,Africa
Suriname,South America
Sweden,Europe
Switzerland,Europe
Syria,Asia
Tajikistan,Asia
Taiwan,Asia
Thailand,Asia
Timor-Leste,Asia
Togo,Africa
Tokelau,Oceania
Tonga,Oceania
Trinidad and Tobago,North America
Tunisia,Africa
Turkey,Asia
Turkmenistan,Asia
Turks and Caicos Islands,North America
Tuvalu,Oceania
Uganda,Africa
Ukraine,Europe
United Arab Emirates,Asia
United Kingdom,Europe
Tanzania,Africa
United States Minor Outlying Islands,Oceania
United States ,North America
"Virgin Islands, U.S.",North America
Uruguay,South America
Uzbekistan,Asia
Vanuatu,Oceania
Vatican City,Europe
Venezuela ,South America
Vietnam,Asia
Wallis and Futuna,Oceania
Western Sahara,Africa
Yemen,Asia
Zambia,Africa
Zimbabwe,Africa